,EEM US Equity,EMB US Equity,IEF US Equity,LQD US Equity,MCHI US Equity,SHY US Equity,SPY US Equity,TLT US Equity,VEA US Equity
EEM US Equity,9.50745011169566e-05,1.3800649271464524e-05,-8.404115787827618e-06,-1.936872440861918e-06,8.823252828440822e-05,-7.013721860880332e-07,4.628066371371231e-05,-2.0781963597667156e-05,5.590145152057773e-05
EMB US Equity,1.3800649271464524e-05,1.0933282257183187e-05,1.4646938355962795e-06,2.558229535581174e-06,9.121042962548354e-06,2.03417436281963e-07,6.842603216411973e-06,2.3314241842105244e-06,1.0264765195760617e-05
IEF US Equity,-8.404115787827618e-06,1.4646938355962795e-06,9.20306625948448e-06,6.904586161784307e-06,-8.885784163641732e-06,1.0349779479053516e-06,-9.440126660525424e-06,1.814679612167074e-05,-8.319655285981978e-06
LQD US Equity,-1.936872440861918e-06,2.558229535581174e-06,6.904586161784307e-06,6.994269043676079e-06,-2.636742518924287e-06,7.418588314606745e-07,-3.1079973235405267e-06,1.4745452453598502e-05,-2.116476606574265e-06
MCHI US Equity,8.823252828440822e-05,9.121042962548354e-06,-8.885784163641732e-06,-2.636742518924287e-06,0.00011471454404288005,-9.362587099478489e-07,4.0379865266825706e-05,-1.9418786622406226e-05,5.065257279254523e-05
SHY US Equity,-7.013721860880332e-07,2.03417436281963e-07,1.0349779479053516e-06,7.418588314606745e-07,-9.362587099478489e-07,2.004791739092871e-07,-8.433733560186409e-07,1.6290472580458223e-06,-6.495013511889693e-07
SPY US Equity,4.628066371371231e-05,6.842603216411973e-06,-9.440126660525424e-06,-3.1079973235405267e-06,4.0379865266825706e-05,-8.433733560186409e-07,5.086814660450467e-05,-2.1252790442375578e-05,4.5924849726420916e-05
TLT US Equity,-2.0781963597667156e-05,2.3314241842105244e-06,1.814679612167074e-05,1.4745452453598502e-05,-1.9418786622406226e-05,1.6290472580458223e-06,-2.1252790442375578e-05,4.3804013164201286e-05,-1.9301630271751938e-05
VEA US Equity,5.590145152057773e-05,1.0264765195760617e-05,-8.319655285981978e-06,-2.116476606574265e-06,5.065257279254523e-05,-6.495013511889693e-07,4.5924849726420916e-05,-1.9301630271751938e-05,5.91553326425659e-05
