,EEM US Equity,EMB US Equity,IEF US Equity,LQD US Equity,MCHI US Equity,SHY US Equity,SPY US Equity,TLT US Equity,VEA US Equity
EEM US Equity,9.526141043213497e-05,1.3797664182788184e-05,-8.466857281056575e-06,-2.1238811096969447e-06,8.902146730513446e-05,-7.115518389888439e-07,4.55387260417851e-05,-2.0860350961123397e-05,5.541394756773412e-05
EMB US Equity,1.3797664182788184e-05,1.1098508773992936e-05,1.591104209767947e-06,2.702876623814306e-06,8.553401577831231e-06,2.219044952552446e-07,7.121568010098597e-06,2.2959444602762753e-06,1.046454169799605e-05
IEF US Equity,-8.466857281056575e-06,1.591104209767947e-06,9.254641823121441e-06,6.982594500715243e-06,-9.322236697008844e-06,1.045984545272906e-06,-8.97625191731994e-06,1.7988917531965625e-05,-7.983029849764683e-06
LQD US Equity,-2.1238811096969447e-06,2.702876623814306e-06,6.982594500715243e-06,7.09155754850481e-06,-3.198591135825199e-06,7.510323529431929e-07,-3.1166983110989555e-06,1.4735293057365713e-05,-2.1475865166573494e-06
MCHI US Equity,8.902146730513446e-05,8.553401577831231e-06,-9.322236697008844e-06,-3.198591135825199e-06,0.00011758944953191747,-9.846022519859231e-07,3.971954401233455e-05,-1.9805111446418955e-05,5.0108911032595136e-05
SHY US Equity,-7.115518389888439e-07,2.219044952552446e-07,1.045984545272906e-06,7.510323529431929e-07,-9.846022519859231e-07,2.0250166637399679e-07,-8.341735747221132e-07,1.610979748082542e-06,-6.503885416647197e-07
SPY US Equity,4.55387260417851e-05,7.121568010098597e-06,-8.97625191731994e-06,-3.1166983110989555e-06,3.971954401233455e-05,-8.341735747221132e-07,4.752658593748947e-05,-1.9956904050266726e-05,4.357657780709779e-05
TLT US Equity,-2.0860350961123397e-05,2.2959444602762753e-06,1.7988917531965625e-05,1.4735293057365713e-05,-1.9805111446418955e-05,1.610979748082542e-06,-1.9956904050266726e-05,4.316916247336596e-05,-1.840002421629136e-05
VEA US Equity,5.541394756773412e-05,1.046454169799605e-05,-7.983029849764683e-06,-2.1475865166573494e-06,5.0108911032595136e-05,-6.503885416647197e-07,4.357657780709779e-05,-1.840002421629136e-05,5.742559024733081e-05
